URL,Ultima scansione
https://www.ilmosaicodanza.it/tags/improvvisazione-flamenco,2023-03-14
https://www.ilmosaicodanza.it/tags/zona-loreto,2023-03-13
https://www.ilmosaicodanza.it/tags/tribal-fusion,2023-03-13
https://www.ilmosaicodanza.it/corsi-in-zona-porta-romana,2023-03-13
https://www.ilmosaicodanza.it/tags/workout-flamenco,2023-03-13
https://www.ilmosaicodanza.it/danza-moderna,2023-03-13
https://www.ilmosaicodanza.it/tags/dance-workout,2023-03-13
https://www.ilmosaicodanza.it/tags/boogie/,2023-03-12
https://www.ilmosaicodanza.it/ginnastica-consapevole-metodo-feldenkrais/,2023-03-12
https://www.ilmosaicodanza.it/danze-popolari-con-ortensia/,2023-03-12
https://www.ilmosaicodanza.it/imparare_a_improvvisare/,2023-03-12
https://www.ilmosaicodanza.it/tags/danza-milano-bambini,2023-03-11
https://www.ilmosaicodanza.it/ernesto-de-martino/,2023-03-11
https://www.ilmosaicodanza.it/tags/balli-latini,2023-03-11
https://www.ilmosaicodanza.it/tags/danza-moderna,2023-03-11
https://www.ilmosaicodanza.it/tags/danza-di-coppia,2023-03-11
https://www.ilmosaicodanza.it/lindy-hop,2023-03-11
https://www.ilmosaicodanza.it/tags/danza-contemporanea,2023-03-11
https://www.ilmosaicodanza.it/melissa-mattiussi-danza/,2023-03-11
https://www.ilmosaicodanza.it/tags/corsi-di-ballo,2023-03-11
https://www.ilmosaicodanza.it/tags/zona-porta-romana/,2023-03-10
https://www.ilmosaicodanza.it/corso-di-formazione-per-insegnanti-di-danza-classica/,2023-03-10
https://www.ilmosaicodanza.it/tags/insegnamento,2023-03-10
https://www.ilmosaicodanza.it/tags/porta-romana,2023-03-10
https://www.ilmosaicodanza.it/maria-de-laurentiis/danza-del-ventre-silvia-carabelli,2023-03-10
https://www.ilmosaicodanza.it/flamenco-per-bambini/,2023-03-10
https://www.ilmosaicodanza.it/tags/quelli-di-via-oldrado,2023-03-10
https://www.ilmosaicodanza.it/tags/improvvisazioni,2023-03-10
https://www.ilmosaicodanza.it/nuovi-corsi-di-lindy-hop-milano/,2023-03-10
https://www.ilmosaicodanza.it/reggaeton-e-salsa-con-yusef/,2023-03-10
https://www.ilmosaicodanza.it/tags/festival,2023-03-10
https://www.ilmosaicodanza.it/marianna-fontana-corsi-tango/,2023-03-10
https://www.ilmosaicodanza.it/tags/balboa,2023-03-10
https://www.ilmosaicodanza.it/index.php,2023-03-10
https://www.ilmosaicodanza.it/tags/abbigliamento,2023-03-10
https://www.ilmosaicodanza.it/zumba,2023-03-10
https://www.ilmosaicodanza.it/zumba/,2023-03-10
https://www.ilmosaicodanza.it/tags/swing,2023-03-10
https://www.ilmosaicodanza.it/tags/danz,2023-03-10
https://www.ilmosaicodanza.it/tags/bachata,2023-03-10
https://www.ilmosaicodanza.it/tags/flamenco,2023-03-10
https://www.ilmosaicodanza.it/tags/sara-tremolizzo/,2023-03-10
https://www.ilmosaicodanza.it/tags/andalusia/,2023-03-09
https://www.ilmosaicodanza.it/tags/danza-orientale,2023-03-09
https://www.ilmosaicodanza.it/tags/ritmca,2023-03-09
https://www.ilmosaicodanza.it/reggaeton-e-salsa-con-yusef/?utm_source=rss&utm_medium=rss&utm_campaign=reggaeton-e-salsa-con-yusef,2023-03-09
https://www.ilmosaicodanza.it/hilal-dance/lyrical-arab-dance-2/,2023-03-09
https://www.ilmosaicodanza.it/flamenco,2023-03-09
https://www.ilmosaicodanza.it/tags/corsi-di-flamenco,2023-03-09
https://www.ilmosaicodanza.it/tags/spagnolo,2023-03-09
https://www.ilmosaicodanza.it/danza-in-zona-loreto/ss/,2023-03-09
https://www.ilmosaicodanza.it/tags/danza-del-sud,2023-03-09
https://www.ilmosaicodanza.it/tags/tammurita/,2023-03-09
https://www.ilmosaicodanza.it/tags/salsa-cubana,2023-03-08
https://www.ilmosaicodanza.it/tags/danza-araba,2023-03-08
https://www.ilmosaicodanza.it/danze_caraibiche_salsa_bachata_chachacha/corsi_di_salsa/corsi_di_salsa_473.html,2023-03-08
https://www.ilmosaicodanza.it/tags/zumba,2023-03-08
https://www.ilmosaicodanza.it/mariele-carnevale/,2023-03-08
https://www.ilmosaicodanza.it/danza-in-zona-loreto,2023-03-08
https://www.ilmosaicodanza.it/tags/danze-di-gruppo,2023-03-08
https://www.ilmosaicodanza.it/danze-popolari/,2023-03-08
https://www.ilmosaicodanza.it/tags/dance-hall/index.xml,2023-03-08
https://www.ilmosaicodanza.it/corso-di-boogie-jive-e-rockabilly-milano,2023-03-08
https://www.ilmosaicodanza.it/tags/arianna-biancotto,2023-03-08
https://www.ilmosaicodanza.it/cose-il-flamenco,2023-03-08
https://www.ilmosaicodanza.it/move-n-groove/,2023-03-08
https://www.ilmosaicodanza.it/tags/danza-del-ventre,2023-03-07
https://www.ilmosaicodanza.it/tags/chitarra,2023-03-07
https://www.ilmosaicodanza.it/tags/sara-ti,2023-03-07
https://www.ilmosaicodanza.it/tags/boogie-woogie,2023-03-07
https://www.ilmosaicodanza.it/corsi-on-line,2023-03-07
https://www.ilmosaicodanza.it/tags/scuola,2023-03-07
https://www.ilmosaicodanza.it/tags/scuola-di-ballo,2023-03-07
https://www.ilmosaicodanza.it/corsi-danza-afrocubana/,2023-03-06
https://www.ilmosaicodanza.it/ci-reggaetifcompas/,2023-03-06
https://www.ilmosaicodanza.it/tags/anatomia-in-pratica,2023-03-05
https://www.ilmosaicodanza.it/tags/cinema,2023-03-05
https://www.ilmosaicodanza.it/tags/danza-per-bambini,2023-03-05
https://www.ilmosaicodanza.it/ginnastica-consapevole-metodo-feldenkrais/?utm_source=rss&utm_medium=rss&utm_campaign=ginnastica-consapevole-metodo-feldenkrais,2023-03-04
https://www.ilmosaicodanza.it/tags/spettacoli,2023-03-04
https://www.ilmosaicodanza.it/tags/corsi-di-danza,2023-03-04
https://www.ilmosaicodanza.it/tags/lezioni-di-danza,2023-03-04
https://www.ilmosaicodanza.it/tags/hip-hop,2023-03-04
https://www.ilmosaicodanza.it/tags/benessere,2023-03-04
https://www.ilmosaicodanza.it/tags/workout,2023-03-04
https://www.ilmosaicodanza.it/tags/cante-flamenco,2023-03-04
https://www.ilmosaicodanza.it/tags/salsa-e-bachata,2023-03-04
https://www.ilmosaicodanza.it/tags/musica,2023-03-04
https://www.ilmosaicodanza.it/tags/latin,2023-03-04
https://www.ilmosaicodanza.it/tags/marta-mai,2023-03-04
https://www.ilmosaicodanza.it/tags/milena-ventre,2023-03-03
https://www.ilmosaicodanza.it/tags/anatomia,2023-03-03
https://www.ilmosaicodanza.it/flamencologia,2023-03-03
https://www.ilmosaicodanza.it/tags/sara-tremolizzo,2023-03-03
https://www.ilmosaicodanza.it/tags/gestualità,2023-03-03
https://www.ilmosaicodanza.it/maria-de-laurentiis/,2023-03-03
https://www.ilmosaicodanza.it/tags/bambini,2023-03-02
https://www.ilmosaicodanza.it/nacchere,2023-03-02
https://www.ilmosaicodanza.it/tags/tango-argentino,2023-03-02
https://www.ilmosaicodanza.it/quelli-di-via-oldrado-qdvo,2023-03-02
https://www.ilmosaicodanza.it/tags/zona-porta-romana,2023-03-02
https://www.ilmosaicodanza.it/cookie-policy,2023-03-02
https://www.ilmosaicodanza.it/contact-us,2023-03-02
https://www.ilmosaicodanza.it/tags/bollywood,2023-03-02
https://www.ilmosaicodanza.it/tags/india,2023-03-02
https://www.ilmosaicodanza.it/tags/danze-di-gruppo/,2023-03-01
https://www.ilmosaicodanza.it/tags/reggaeton,2023-03-01
https://www.ilmosaicodanza.it/tags/danze-folk,2023-03-01
https://www.ilmosaicodanza.it/jamila-zaki,2023-03-01
https://www.ilmosaicodanza.it/tags/lindy-hop,2023-03-01
https://www.ilmosaicodanza.it/tags/danze-del-sud,2023-03-01
https://www.ilmosaicodanza.it/tags/lyrical-arab-dance,2023-03-01
https://www.ilmosaicodanza.it/tags/silvia-carabelli,2023-03-01
https://www.ilmosaicodanza.it/tags/pizzica,2023-02-28
https://www.ilmosaicodanza.it/tags/musical,2023-02-28
https://www.ilmosaicodanza.it/tags/salsa-portoricana,2023-02-28
https://www.ilmosaicodanza.it/tags/liscio,2023-02-28
https://www.ilmosaicodanza.it/tags/pilates,2023-02-27
https://www.ilmosaicodanza.it/tags/tribal-fusion/,2023-02-27
https://www.ilmosaicodanza.it/tags/boogie,2023-02-27
https://www.ilmosaicodanza.it/tags/danza-classica,2023-02-27
https://www.ilmosaicodanza.it/tags/jive,2023-02-27
https://www.ilmosaicodanza.it/tags/lezioni-di-swing,2023-02-26
https://www.ilmosaicodanza.it/tags/sabina-todaro,2023-02-24
https://www.ilmosaicodanza.it/tags/scuola-di-ballo-milano-porta-romana,2023-02-24
https://www.ilmosaicodanza.it/tags/scuola-di-danza-zona-tibaldi,2023-02-24
https://www.ilmosaicodanza.it/category/i-nostri-insegnanti,2023-02-20
https://www.ilmosaicodanza.it/spettacolo-flamenco-huellas-de-tu-ser-2022/4-spettacolo,2023-02-20
https://www.ilmosaicodanza.it/tags/attività-per-adulti,2023-02-18
https://www.ilmosaicodanza.it/tags/baile-flamenco,2023-02-17
https://www.ilmosaicodanza.it/category/corsi-movimento-e-benessere,2023-02-15
https://www.ilmosaicodanza.it/tags/milano,2023-02-14
https://www.ilmosaicodanza.it/corsit-g/ba/,2023-02-14
https://www.ilmosaicodanza.it/tags/chitarra-flamenco,2023-02-14
https://www.ilmosaicodanza.it/corso-di-antiaggressione-femminile-metodo-difesa-donna/,2023-02-11
https://www.ilmosaicodanza.it/tags/il-mosaico-danza/,2023-02-10
https://www.ilmosaicodanza.it/tags/fitness,2023-02-06
https://www.ilmosaicodanza.it/tags/blues-dance,2023-02-01
https://www.ilmosaicodanza.it/download/,2023-02-01
https://www.ilmosaicodanza.it/tags/lezioni-di-danza-di-danza,2023-01-31
https://www.ilmosaicodanza.it/tags/antonio-porro,2023-01-30
https://www.ilmosaicodanza.it/tags/annalena-berton,2023-01-28
https://www.ilmosaicodanza.it/tags/michael-jackson,2023-01-28
https://www.ilmosaicodanza.it/tags/corsi-di-danza-per-adulti,2023-01-23
https://www.ilmosaicodanza.it/tags/flamenco-contemporaneo,2023-01-23
https://www.ilmosaicodanza.it/tags/insegnanti-di-musica,2023-01-23
https://www.ilmosaicodanza.it/tags/percussioni-flamenco,2023-01-23
https://www.ilmosaicodanza.it/tags/attivita-per-bambini,2023-01-23
https://www.ilmosaicodanza.it/tags/massimiliano-montomoli,2023-01-23
https://www.ilmosaicodanza.it/tags/insegnanti-di-danza,2023-01-23
https://www.ilmosaicodanza.it/tags/dancehall,2023-01-23
https://www.ilmosaicodanza.it/tags/elisabetta-gennaro,2023-01-23
https://www.ilmosaicodanza.it/tags/pedagogia-flamenco,2023-01-23
https://www.ilmosaicodanza.it/tags/percussioni-arabe,2023-01-23
https://www.ilmosaicodanza.it/tags/lezioni-di-ballo,2023-01-23
https://www.ilmosaicodanza.it/tags/viviane-grisvard,2023-01-23
https://www.ilmosaicodanza.it/tags/larry-daccò,2023-01-23
https://www.ilmosaicodanza.it/tags/approfondimenti,2023-01-23
https://www.ilmosaicodanza.it/tags/danza-bollywood,2023-01-23
https://www.ilmosaicodanza.it/tags/scuola-di-danza,2023-01-23
https://www.ilmosaicodanza.it/tags/collegiate-shag,2023-01-23
https://www.ilmosaicodanza.it/tags/scarpe-flamenco,2023-01-23
https://www.ilmosaicodanza.it/tags/danze-popolari,2023-01-23
https://www.ilmosaicodanza.it/tags/danze-di-coppia,2023-01-23
https://www.ilmosaicodanza.it/tags/corsi-on-line,2023-01-23
https://www.ilmosaicodanza.it/tags/corsi-di-swing,2023-01-23
https://www.ilmosaicodanza.it/tags/rilassamento,2023-01-23
https://www.ilmosaicodanza.it/tags/ballo-liscio,2023-01-23
https://www.ilmosaicodanza.it/tags/tribal-dance,2023-01-23
https://www.ilmosaicodanza.it/tags/coreografia,2023-01-23
https://www.ilmosaicodanza.it/tags/castagnette,2023-01-23
https://www.ilmosaicodanza.it/tags/tammurriata,2023-01-23
https://www.ilmosaicodanza.it/tags/flamencologia,2023-01-23
https://www.ilmosaicodanza.it/tags/regolamento,2023-01-23
https://www.ilmosaicodanza.it/tags/percussioni,2023-01-23
https://www.ilmosaicodanza.it/tags/jamila-zaki,2023-01-23
https://www.ilmosaicodanza.it/tags/sevillanas,2023-01-23
https://www.ilmosaicodanza.it/tags/bellydance,2023-01-23
https://www.ilmosaicodanza.it/tags/gestualita,2023-01-23
https://www.ilmosaicodanza.it/tags/ginnastica,2023-01-23
https://www.ilmosaicodanza.it/tags/formazione,2023-01-23
https://www.ilmosaicodanza.it/tags/rockabilly,2023-01-23
https://www.ilmosaicodanza.it/tags/massaggio,2023-01-23
https://www.ilmosaicodanza.it/tags/on-line,2023-01-23
https://www.ilmosaicodanza.it/tags/compas,2023-01-23
https://www.ilmosaicodanza.it/tags/palmas,2023-01-23
https://www.ilmosaicodanza.it/tags/teatro,2023-01-23
https://www.ilmosaicodanza.it/tags/salsa,2023-01-23
https://www.ilmosaicodanza.it/tags/blues,2023-01-23
https://www.ilmosaicodanza.it/tags/cajon,2023-01-23
https://www.ilmosaicodanza.it/tags/palillos,2023-01-18
https://www.ilmosaicodanza.it/tags/il-mosaico-danza,2022-11-27
https://www.ilmosaicodanza.it/tags/feldenkrais,2022-11-16
https://www.ilmosaicodanza.it/tags/scarpe,2022-09-27
https://www.ilmosaicodanza.it/tags/danze-swing,2022-09-17
https://www.ilmosaicodanza.it/cotgg/boogie/,2022-02-28
https://www.ilmosaicodanza.it/catgg/salsa/,2021-12-03
https://www.ilmosaicodanza.it/wiag/boogie,2021-06-25
https://www.ilmosaicodanza.it/insegnante-di-salsa-oskar/oskar-arauz-salsa/,2018-04-03